{
  "lambda_grid": [
    -10.0,
    -9.487179487179487,
    -8.974358974358974,
    -8.461538461538462,
    -7.948717948717949,
    -7.435897435897436,
    -6.923076923076923,
    -6.410256410256411,
    -5.897435897435898,
    -5.384615384615385,
    -4.871794871794872,
    -4.3589743589743595,
    -3.8461538461538467,
    -3.333333333333334,
    -2.820512820512821,
    -2.3076923076923084,
    -1.7948717948717956,
    -1.2820512820512828,
    -0.76923076923077,
    -0.2564102564102573,
    0.2564102564102555,
    0.7692307692307683,
    1.282051282051281,
    1.7948717948717938,
    2.3076923076923066,
    2.8205128205128194,
    3.333333333333332,
    3.846153846153845,
    4.358974358974358,
    4.8717948717948705,
    5.384615384615383,
    5.897435897435896,
    6.410256410256409,
    6.92307692307692,
    7.435897435897434,
    7.948717948717949,
    8.46153846153846,
    8.974358974358971,
    9.487179487179485,
    10.0
  ],
  "dmsr_values": [
    0.033386153104298925,
    0.016020889690949974,
    0.08783617776666292,
    0.10921847120994604,
    0.2271943076727206,
    0.1832549298694968,
    0.21646886816089303,
    0.20855799310285147,
    0.3097278751981278,
    0.4410320945073926,
    0.539458092327509,
    0.710443318519491,
    0.9933398199005564,
    1.2674872621089228,
    1.6662878753323358,
    2.0856155575407356,
    2.818437504772319,
    3.470636805220391,
    4.189077487232759,
    5.223237612671494,
    6.1637702907194685,
    7.003146550565138,
    7.541568158100173,
    8.006081311085332,
    8.34537385104385,
    8.648103623011835,
    8.80654736698812,
    8.89405726190699,
    8.940922381925095,
    8.990874109392024,
    8.992758045031927,
    9.022527982293273,
    8.987408052842762,
    9.003257865642594,
    9.023585248644284,
    9.015218091764757,
    9.010800006509998,
    9.016989400465977,
    9.01863589575509,
    9.015350706099722
  ],
  "dmsr_slope_abs": [
    0.033862263656030456,
    0.05308877404580491,
    0.09086764198102118,
    0.1358741766584063,
    0.072185547193062,
    0.010457303524031902,
    0.024670486652520807,
    0.09092753186130392,
    0.22666224886942765,
    0.22398696170114674,
    0.262675943411796,
    0.44253468438372134,
    0.5431178449996961,
    0.6561243540459849,
    0.7976750880460177,
    1.123345888703984,
    1.3503957164876645,
    1.3363739828989298,
    1.7087857872648256,
    1.9253254833995417,
    1.7354112144463025,
    1.3433529206961872,
    0.9778613915071901,
    0.7837105506200865,
    0.62597175412834,
    0.44964417804566104,
    0.2398047979227762,
    0.131015639563552,
    0.09439642629790868,
    0.050539771529161115,
    0.030862526078717423,
    0.005216242384436853,
    0.018788363734412172,
    0.03527276590648398,
    0.011661220469108002,
    0.012465611080930472,
    0.0017270259836905666,
    0.007639992013965369,
    0.0015977270070983707,
    0.006406119827965529
  ],
  "transition_low": -2.3076923076923084,
  "lambda_r_star": -0.2564102564102573,
  "transition_high": 1.282051282051281
}