{
  "lambda_grid": [
    -10.0,
    -8.181818181818182,
    -6.363636363636363,
    -4.545454545454546,
    -2.7272727272727275,
    -0.9090909090909101,
    0.9090909090909083,
    2.7272727272727266,
    4.545454545454545,
    6.363636363636363,
    8.18181818181818,
    10.0
  ],
  "dmsr_values": [
    0.03148274678056974,
    0.08136116732485969,
    0.2713847314764966,
    0.5739140887660542,
    1.609390353828961,
    3.846291606206229,
    6.865730038549184,
    7.983648803918538,
    8.379814833785147,
    8.524479942650034,
    8.563824670469751,
    8.587461196507345
  ],
  "dmsr_slope_abs": [
    0.02743313129935947,
    0.06597304579137987,
    0.13545205339632854,
    0.3679515461469276,
    0.8999038172960484,
    1.4454934132980615,
    1.1377732293708849,
    0.4163733186898897,
    0.14872856315116145,
    0.050602705088266475,
    0.017319844810760543,
    0.01300008932067652
  ],
  "transition_low": -2.7272727272727275,
  "lambda_r_star": -0.9090909090909101,
  "transition_high": 0.9090909090909083
}