{
  "class_names": [
    "1",
    "8"
  ],
  "n_classes": 2,
  "accuracy": 0.9990516832622096,
  "confusion_matrix": [
    [
      1133,
      2
    ],
    [
      0,
      974
    ]
  ],
  "per_class": [
    {
      "class": "1",
      "precision": 1.0,
      "recall": 0.9982378854625551,
      "f1": 0.9991181657848325,
      "support": 1135
    },
    {
      "class": "8",
      "precision": 0.9979508196721312,
      "recall": 1.0,
      "f1": 0.9989743589743589,
      "support": 974
    }
  ],
  "macro_precision": 0.9989754098360656,
  "macro_recall": 0.9991189427312775,
  "macro_f1": 0.9990462623795957,
  "weighted_precision": 0.9990536265342133,
  "weighted_recall": 0.9990516832622096,
  "weighted_f1": 0.9990517514494122,
  "n_samples": 2109
}