{
  "lambda_grid": [
    -10.0,
    -9.487179487179487,
    -8.974358974358974,
    -8.461538461538462,
    -7.948717948717949,
    -7.435897435897436,
    -6.923076923076923,
    -6.410256410256411,
    -5.897435897435898,
    -5.384615384615385,
    -4.871794871794872,
    -4.3589743589743595,
    -3.8461538461538467,
    -3.333333333333334,
    -2.820512820512821,
    -2.3076923076923084,
    -1.7948717948717956,
    -1.2820512820512828,
    -0.76923076923077,
    -0.2564102564102573,
    0.2564102564102555,
    0.7692307692307683,
    1.282051282051281,
    1.7948717948717938,
    2.3076923076923066,
    2.8205128205128194,
    3.333333333333332,
    3.846153846153845,
    4.358974358974358,
    4.8717948717948705,
    5.384615384615383,
    5.897435897435896,
    6.410256410256409,
    6.92307692307692,
    7.435897435897434,
    7.948717948717949,
    8.46153846153846,
    8.974358974358971,
    9.487179487179485,
    10.0
  ],
  "dmsr_values": [
    0.015919249278017106,
    0.015988141459969588,
    0.03922957916236988,
    0.03868280625687658,
    0.01892951792714062,
    0.046597096259742725,
    0.04553497789217053,
    0.1950847113195319,
    0.02541188991146295,
    0.07618842444060099,
    0.1872100677852246,
    0.15197085722107279,
    0.1282442972823018,
    0.308569565651458,
    0.39784699144914615,
    0.5662433939596789,
    0.8033560925499472,
    1.1337576655154942,
    1.800609255002907,
    2.4650028502589985,
    3.241870444875276,
    4.0219999633921075,
    4.780848809618233,
    5.333731146219666,
    5.864542636655321,
    6.154351107309271,
    6.356515470998942,
    6.561488403756882,
    6.650719069013315,
    6.771053227807802,
    6.794112897522011,
    6.816003491542898,
    6.849981950048247,
    6.872350744310112,
    6.875043572072303,
    6.886935638377497,
    6.892650276538248,
    6.897572741040527,
    6.897424853521675,
    6.898813490530989
  ],
  "dmsr_slope_abs": [
    0.00013433975480733955,
    0.02272757163724396,
    0.022127298176984327,
    0.019792559704348536,
    0.007716432752794489,
    0.025940323465904167,
    0.14477542468329446,
    0.019620010781189894,
    0.11592387970695764,
    0.15775322342691764,
    0.07388787196096,
    0.05749162624034973,
    0.15268374071962562,
    0.2628626268126733,
    0.25123198260051544,
    0.39537137357328106,
    0.5533264147669199,
    0.972321833391636,
    1.2979640551249172,
    1.4052296601255603,
    1.5180721853047814,
    1.5005039056243827,
    1.2789379032568697,
    1.0566014813611613,
    0.8001044620623654,
    0.4796735134850305,
    0.3969588640364208,
    0.28684850806401396,
    0.20432570344964684,
    0.1398089827959783,
    0.043826507141718984,
    0.05447232621308018,
    0.05493857144803371,
    0.024435081473455966,
    0.014220271715700505,
    0.0171665368542957,
    0.010371175096454799,
    0.004655212558841271,
    0.001209730753200411,
    0.002707842168162546
  ],
  "transition_low": -1.2820512820512828,
  "lambda_r_star": 0.2564102564102555,
  "transition_high": 2.3076923076923066
}