{
  "lambda_grid": [
    -10.0,
    -8.181818181818182,
    -6.363636363636363,
    -4.545454545454546,
    -2.7272727272727275,
    -0.9090909090909101,
    0.9090909090909083,
    2.7272727272727266,
    4.545454545454545,
    6.363636363636363,
    8.18181818181818,
    10.0
  ],
  "dmsr_values": [
    0.03148213761854997,
    0.08136099098246716,
    0.27138482072298936,
    0.5739137534831624,
    1.6093904114832989,
    3.846291835725848,
    6.865730473816259,
    7.9836495736170745,
    8.379815052032308,
    8.524479248226807,
    8.563823978233993,
    8.587461023756175
  ],
  "dmsr_slope_abs": [
    0.02743336935015445,
    0.06597323785372083,
    0.13545200968769125,
    0.3679515374590851,
    0.8999039726167389,
    1.4454935171415642,
    1.1377733779200871,
    0.41637325900941335,
    0.14872816051767668,
    0.05060245470546354,
    0.01731998827057657,
    0.013000375037200293
  ],
  "transition_low": -2.7272727272727275,
  "lambda_r_star": -0.9090909090909101,
  "transition_high": 0.9090909090909083
}