{
  "lambda_grid": [
    -10.0,
    -9.487179487179487,
    -8.974358974358974,
    -8.461538461538462,
    -7.948717948717949,
    -7.435897435897436,
    -6.923076923076923,
    -6.410256410256411,
    -5.897435897435898,
    -5.384615384615385,
    -4.871794871794872,
    -4.3589743589743595,
    -3.8461538461538467,
    -3.333333333333334,
    -2.820512820512821,
    -2.3076923076923084,
    -1.7948717948717956,
    -1.2820512820512828,
    -0.76923076923077,
    -0.2564102564102573,
    0.2564102564102555,
    0.7692307692307683,
    1.282051282051281,
    1.7948717948717938,
    2.3076923076923066,
    2.8205128205128194,
    3.333333333333332,
    3.846153846153845,
    4.358974358974358,
    4.8717948717948705,
    5.384615384615383,
    5.897435897435896,
    6.410256410256409,
    6.92307692307692,
    7.435897435897434,
    7.948717948717949,
    8.46153846153846,
    8.974358974358971,
    9.487179487179485,
    10.0
  ],
  "dmsr_values": [
    0.03327924318311188,
    0.016686497863708436,
    0.08933631044655424,
    0.10732891019356774,
    0.22646341930134328,
    0.1814828408849913,
    0.21576172153882062,
    0.20879448254775357,
    0.3093541473886313,
    0.4406668582022006,
    0.5392777782827978,
    0.7092863545301277,
    0.993014889171923,
    1.266788226420453,
    1.6633817160615254,
    2.0837260360966288,
    2.817806821072022,
    3.470397855369363,
    4.1869273739654504,
    5.2187736305108405,
    6.159947860117839,
    6.998949842104076,
    7.54500119017396,
    8.011683196662737,
    8.350947267068301,
    8.653931578757584,
    8.814928688661713,
    8.90273493604094,
    8.95139007156457,
    9.00085660583239,
    9.002228130720441,
    9.031897272130763,
    8.995986721467828,
    9.012407922189146,
    9.032560743661783,
    9.02414963800046,
    9.020053504757994,
    9.026227465995188,
    9.02783550020435,
    9.024775969216188
  ],
  "dmsr_slope_abs": [
    0.03235585337283672,
    0.05465564058185632,
    0.08837635202161284,
    0.13369893113341935,
    0.07230008242413799,
    0.010434155318459593,
    0.026628850621193217,
    0.09125261520356542,
    0.2260755662630859,
    0.22417554012181234,
    0.2619040089197289,
    0.4423936831168972,
    0.5435643250930674,
    0.6536076562173625,
    0.7965143644342716,
    1.1255644773852342,
    1.352005023790916,
    1.3348925390710935,
    1.7046663807629412,
    1.923694973998579,
    1.7356718063034045,
    1.3504269968047184,
    0.9874150206946952,
    0.7857974249719835,
    0.6261921725424759,
    0.4523818860535762,
    0.24258327335127206,
    0.133049848330284,
    0.09566862804666343,
    0.04956710767697636,
    0.030264649640914243,
    0.006085374021298051,
    0.0190021161930769,
    0.03565967163910777,
    0.011448172916033172,
    0.012194557931195504,
    0.002025882294859116,
    0.0075874455601976365,
    0.0014152093595249937,
    0.00596608542691637
  ],
  "transition_low": -2.3076923076923084,
  "lambda_r_star": -0.2564102564102573,
  "transition_high": 1.282051282051281
}