{
  "class_names": [
    "cat",
    "dog"
  ],
  "n_classes": 2,
  "accuracy": 0.8335,
  "confusion_matrix": [
    [
      824,
      176
    ],
    [
      157,
      843
    ]
  ],
  "per_class": [
    {
      "class": "cat",
      "precision": 0.8399592252803262,
      "recall": 0.824,
      "f1": 0.8319030792529025,
      "support": 1000
    },
    {
      "class": "dog",
      "precision": 0.8272816486751717,
      "recall": 0.843,
      "f1": 0.8350668647845468,
      "support": 1000
    }
  ],
  "macro_precision": 0.8336204369777489,
  "macro_recall": 0.8334999999999999,
  "macro_f1": 0.8334849720187247,
  "weighted_precision": 0.8336204369777489,
  "weighted_recall": 0.8334999999999999,
  "weighted_f1": 0.8334849720187247,
  "n_samples": 2000
}