{
  "class_names": [
    "3",
    "8"
  ],
  "n_classes": 2,
  "accuracy": 0.998991935483871,
  "confusion_matrix": [
    [
      1009,
      1
    ],
    [
      1,
      973
    ]
  ],
  "per_class": [
    {
      "class": "3",
      "precision": 0.999009900990099,
      "recall": 0.999009900990099,
      "f1": 0.999009900990099,
      "support": 1010
    },
    {
      "class": "8",
      "precision": 0.9989733059548255,
      "recall": 0.9989733059548255,
      "f1": 0.9989733059548255,
      "support": 974
    }
  ],
  "macro_precision": 0.9989916034724622,
  "macro_recall": 0.9989916034724622,
  "macro_f1": 0.9989916034724622,
  "weighted_precision": 0.998991935483871,
  "weighted_recall": 0.998991935483871,
  "weighted_f1": 0.998991935483871,
  "n_samples": 1984
}