{
  "lambda_grid": [
    -10.0,
    -9.487179487179487,
    -8.974358974358974,
    -8.461538461538462,
    -7.948717948717949,
    -7.435897435897436,
    -6.923076923076923,
    -6.410256410256411,
    -5.897435897435898,
    -5.384615384615385,
    -4.871794871794872,
    -4.3589743589743595,
    -3.8461538461538467,
    -3.333333333333334,
    -2.820512820512821,
    -2.3076923076923084,
    -1.7948717948717956,
    -1.2820512820512828,
    -0.76923076923077,
    -0.2564102564102573,
    0.2564102564102555,
    0.7692307692307683,
    1.282051282051281,
    1.7948717948717938,
    2.3076923076923066,
    2.8205128205128194,
    3.333333333333332,
    3.846153846153845,
    4.358974358974358,
    4.8717948717948705,
    5.384615384615383,
    5.897435897435896,
    6.410256410256409,
    6.92307692307692,
    7.435897435897434,
    7.948717948717949,
    8.46153846153846,
    8.974358974358971,
    9.487179487179485,
    10.0
  ],
  "dmsr_values": [
    0.06328339178113912,
    0.05850860979894388,
    0.05640697118967871,
    0.1346021052950574,
    0.020461315766895655,
    0.062184756759716124,
    0.05619626658439258,
    0.15217188003351945,
    0.04644747038509829,
    0.07480752206348934,
    0.1603818298792345,
    0.21091369113067543,
    0.21318886083609234,
    0.38813015701451536,
    0.5242323448443916,
    0.8064835076899621,
    1.0156035240510044,
    1.4559706551302376,
    2.0800572537860105,
    2.816211937268049,
    3.5072901010424484,
    4.427931222103808,
    5.259666981437776,
    5.814745108562612,
    6.1912660599582425,
    6.339524262500438,
    6.500073696665555,
    6.579216342454041,
    6.623924862910081,
    6.60598117148513,
    6.621525989156703,
    6.621730381984471,
    6.648011227892604,
    6.631803805402945,
    6.63231131181434,
    6.637118242097464,
    6.637991504083262,
    6.632955987034156,
    6.633546027086316,
    6.633585061510353
  ],
  "dmsr_slope_abs": [
    0.00931082486528072,
    0.0067045100766739,
    0.07419115810871069,
    0.035047014037213484,
    0.07060691482195774,
    0.03484157704705951,
    0.08773744519195825,
    0.00950507629431193,
    0.07543024902077937,
    0.1110860005067828,
    0.13270351484050646,
    0.051486855182936414,
    0.17278605423674398,
    0.3032673969080919,
    0.40789451690856066,
    0.4790868997264476,
    0.6332499687542686,
    1.037842386491631,
    1.3262352500843664,
    1.3915520260750274,
    1.5714263027148654,
    1.7085674583854447,
    1.3521435392973338,
    0.9083091015574549,
    0.5116596750893807,
    0.30108744578963,
    0.23369977795476338,
    0.12075488708841231,
    0.026095708305311938,
    0.0023389019095425567,
    0.015355480236856955,
    0.025823107767502407,
    0.009821587833011236,
    0.015307418176306875,
    0.0051815757771560556,
    0.005538187462198252,
    0.004058198686725412,
    0.00433434007202127,
    0.0006133476142933247,
    7.611712687229906e-05
  ],
  "transition_low": -1.2820512820512828,
  "lambda_r_star": 0.7692307692307683,
  "transition_high": 1.7948717948717938
}