{
  "lambda_grid": [
    -10.0,
    -9.487179487179487,
    -8.974358974358974,
    -8.461538461538462,
    -7.948717948717949,
    -7.435897435897436,
    -6.923076923076923,
    -6.410256410256411,
    -5.897435897435898,
    -5.384615384615385,
    -4.871794871794872,
    -4.3589743589743595,
    -3.8461538461538467,
    -3.333333333333334,
    -2.820512820512821,
    -2.3076923076923084,
    -1.7948717948717956,
    -1.2820512820512828,
    -0.76923076923077,
    -0.2564102564102573,
    0.2564102564102555,
    0.7692307692307683,
    1.282051282051281,
    1.7948717948717938,
    2.3076923076923066,
    2.8205128205128194,
    3.333333333333332,
    3.846153846153845,
    4.358974358974358,
    4.8717948717948705,
    5.384615384615383,
    5.897435897435896,
    6.410256410256409,
    6.92307692307692,
    7.435897435897434,
    7.948717948717949,
    8.46153846153846,
    8.974358974358971,
    9.487179487179485,
    10.0
  ],
  "dmsr_values": [
    0.19257128345989666,
    0.018103902223520263,
    0.01901634259246606,
    0.030949248669146348,
    0.08074277318396052,
    0.12116846956716791,
    0.053474652106226025,
    0.04163304805137198,
    0.04810287416861729,
    0.02997525874906018,
    0.12047494315987323,
    0.12756093491138962,
    0.15111397128264162,
    0.3633054368201536,
    0.3142740220908774,
    0.5357181668531636,
    0.6892438872304762,
    1.0703149451116127,
    1.5704483227235657,
    2.05295548301865,
    2.5822412093802787,
    3.461331143964457,
    4.05707253456438,
    4.50600986708383,
    4.678534274029966,
    4.8151793527022395,
    4.847831480605301,
    4.9398898618619596,
    4.918376423096343,
    4.938931804549543,
    4.948943347422133,
    4.955686310835026,
    4.969664207787943,
    4.968011753824265,
    4.958141895606861,
    4.960165765170196,
    4.965337787598065,
    4.964790696922669,
    4.968325440971917,
    4.968517162323472
  ],
  "dmsr_slope_abs": [
    0.340211393410934,
    0.16921606734574487,
    0.012524212784485435,
    0.0601832698267071,
    0.08796374037557103,
    0.026586418050791136,
    0.07754703597790104,
    0.005237483489168512,
    0.011366344569754012,
    0.07056276726647455,
    0.09514603425827121,
    0.02987305241969919,
    0.22985088936104492,
    0.15908104953802993,
    0.16810241178218482,
    0.36559561851110894,
    0.5212318588019881,
    0.8591743246057625,
    0.9580745244593611,
    0.9864980644902952,
    1.3731662694221627,
    1.4379605420544994,
    1.0185617550413886,
    0.605925195978946,
    0.3014402484779497,
    0.16506477641095163,
    0.1215927464307267,
    0.06878131892876649,
    0.0009341058796064061,
    0.02980275121764464,
    0.01633564362834683,
    0.020202838856665295,
    0.01201730691450642,
    0.011234254376554453,
    0.007649838937718201,
    0.007015994691424332,
    0.00450930845866182,
    0.002912962039506084,
    0.003633303765782969,
    0.0003738566355330862
  ],
  "transition_low": -1.2820512820512828,
  "lambda_r_star": 0.7692307692307683,
  "transition_high": 1.282051282051281
}