{
  "lambda_grid": [
    -10.0,
    -8.181818181818182,
    -6.363636363636363,
    -4.545454545454546,
    -2.7272727272727275,
    -0.9090909090909101,
    0.9090909090909083,
    2.7272727272727266,
    4.545454545454545,
    6.363636363636363,
    8.18181818181818,
    10.0
  ],
  "dmsr_values": [
    0.030895696943150204,
    0.08193237311105298,
    0.27218924688021867,
    0.5732176286627363,
    1.6084781943836484,
    3.842835834353062,
    6.851546041112714,
    7.960866133091415,
    8.359709569741764,
    8.505451104462146,
    8.544418868463753,
    8.566680253426776
  ],
  "dmsr_slope_abs": [
    0.02807017189234652,
    0.06635572623269383,
    0.13510344527671297,
    0.3674794605634431,
    0.8991450065648399,
    1.4418436578504932,
    1.132458332153047,
    0.41474497037298885,
    0.14976086712695125,
    0.050795057148547595,
    0.016838015965273456,
    0.012243761729662937
  ],
  "transition_low": -2.7272727272727275,
  "lambda_r_star": -0.9090909090909101,
  "transition_high": 0.9090909090909083
}