{
  "lambda_grid": [
    -10.0,
    -9.487179487179487,
    -8.974358974358974,
    -8.461538461538462,
    -7.948717948717949,
    -7.435897435897436,
    -6.923076923076923,
    -6.410256410256411,
    -5.897435897435898,
    -5.384615384615385,
    -4.871794871794872,
    -4.3589743589743595,
    -3.8461538461538467,
    -3.333333333333334,
    -2.820512820512821,
    -2.3076923076923084,
    -1.7948717948717956,
    -1.2820512820512828,
    -0.76923076923077,
    -0.2564102564102573,
    0.2564102564102555,
    0.7692307692307683,
    1.282051282051281,
    1.7948717948717938,
    2.3076923076923066,
    2.8205128205128194,
    3.333333333333332,
    3.846153846153845,
    4.358974358974358,
    4.8717948717948705,
    5.384615384615383,
    5.897435897435896,
    6.410256410256409,
    6.92307692307692,
    7.435897435897434,
    7.948717948717949,
    8.46153846153846,
    8.974358974358971,
    9.487179487179485,
    10.0
  ],
  "dmsr_values": [
    0.03340851508454882,
    0.016488650716458234,
    0.08924708504469799,
    0.10752296186694354,
    0.22645492437643017,
    0.18146831491460758,
    0.2158087869397824,
    0.20854455485549833,
    0.30974000941976104,
    0.4403753105498811,
    0.5391118537121651,
    0.709304787380788,
    0.9927930834897484,
    1.2664283885583552,
    1.6633631794006463,
    2.083072918287455,
    2.816913045232777,
    3.469186629009229,
    4.185832826799431,
    5.21797940903914,
    6.1581989276962075,
    6.997372802818103,
    7.543331459176182,
    8.009740720651559,
    8.34933408719041,
    8.652297300964793,
    8.812942909905415,
    8.899713571257866,
    8.94865173252472,
    8.997644831367424,
    8.999733661547054,
    9.029528008530248,
    8.99361941940573,
    9.010163196388888,
    9.030229572605588,
    9.0220422293293,
    9.017836496408188,
    9.024046422292294,
    9.025724262359722,
    9.022710038546705
  ],
  "dmsr_slope_abs": [
    0.032993735517776644,
    0.054442605711145446,
    0.0887584533717232,
    0.13377764334843892,
    0.07209671922147246,
    0.01037998400073159,
    0.026399333942368486,
    0.0915829419179792,
    0.22603498680202322,
    0.22363754818509402,
    0.26220623991013425,
    0.4423391990331438,
    0.543195511148128,
    0.6538058435131257,
    0.7962284164858726,
    1.1247111191863275,
    1.3514608679537297,
    1.3346967870274882,
    1.7050729605291641,
    1.9230569483743576,
    1.7349085589344888,
    1.3505042181929747,
    0.98705871988762,
    0.7858525623138739,
    0.6264926658054035,
    0.4520186021471293,
    0.24123086353574585,
    0.1323161020538226,
    0.0954829786068192,
    0.04980488079677592,
    0.031086097733753704,
    0.005961386087792064,
    0.018880691837827257,
    0.03569489936986159,
    0.011582057116902078,
    0.012083249292464515,
    0.0019540881389197295,
    0.007690571802745794,
    0.001302974151947467,
    0.005877736435381989
  ],
  "transition_low": -2.3076923076923084,
  "lambda_r_star": -0.2564102564102573,
  "transition_high": 1.282051282051281
}