{
  "class_names": [
    "3",
    "8"
  ],
  "n_classes": 2,
  "accuracy": 0.9984879032258065,
  "confusion_matrix": [
    [
      1008,
      2
    ],
    [
      1,
      973
    ]
  ],
  "per_class": [
    {
      "class": "3",
      "precision": 0.9990089197224975,
      "recall": 0.998019801980198,
      "f1": 0.9985141158989599,
      "support": 1010
    },
    {
      "class": "8",
      "precision": 0.997948717948718,
      "recall": 0.9989733059548255,
      "f1": 0.9984607491021037,
      "support": 974
    }
  ],
  "macro_precision": 0.9984788188356077,
  "macro_recall": 0.9984965539675117,
  "macro_f1": 0.9984874325005317,
  "weighted_precision": 0.9984884376017005,
  "weighted_recall": 0.9984879032258065,
  "weighted_f1": 0.9984879166751,
  "n_samples": 1984
}