{
  "lambda_grid": [
    -10.0,
    -9.487179487179487,
    -8.974358974358974,
    -8.461538461538462,
    -7.948717948717949,
    -7.435897435897436,
    -6.923076923076923,
    -6.410256410256411,
    -5.897435897435898,
    -5.384615384615385,
    -4.871794871794872,
    -4.3589743589743595,
    -3.8461538461538467,
    -3.333333333333334,
    -2.820512820512821,
    -2.3076923076923084,
    -1.7948717948717956,
    -1.2820512820512828,
    -0.76923076923077,
    -0.2564102564102573,
    0.2564102564102555,
    0.7692307692307683,
    1.282051282051281,
    1.7948717948717938,
    2.3076923076923066,
    2.8205128205128194,
    3.333333333333332,
    3.846153846153845,
    4.358974358974358,
    4.8717948717948705,
    5.384615384615383,
    5.897435897435896,
    6.410256410256409,
    6.92307692307692,
    7.435897435897434,
    7.948717948717949,
    8.46153846153846,
    8.974358974358971,
    9.487179487179485,
    10.0
  ],
  "dmsr_values": [
    0.06313710988781346,
    0.061834631387007254,
    0.05485100732871601,
    0.13390358710230155,
    0.020272405527934304,
    0.06398764279996175,
    0.05687617047320246,
    0.15067550369108998,
    0.04230778754991165,
    0.07151274930134076,
    0.15812423115712135,
    0.21216512086256117,
    0.20864668872650685,
    0.3854524185911893,
    0.5214246049796966,
    0.8046410112914473,
    1.0115658915281687,
    1.4542459804058163,
    2.0865144410606153,
    2.8265799435188557,
    3.5276004147556432,
    4.464063987628814,
    5.308015554994382,
    5.899837704413054,
    6.2871815384972685,
    6.4438400866314725,
    6.618216545219691,
    6.710073604129572,
    6.759095367751809,
    6.741827698821235,
    6.757985209075933,
    6.762140846447094,
    6.792566408222846,
    6.777535828317087,
    6.778924924515373,
    6.78538902775901,
    6.786960111179923,
    6.782119507474861,
    6.782867222518859,
    6.783107035651248
  ],
  "dmsr_slope_abs": [
    0.0025398330765721,
    0.00807894999512001,
    0.07026723182241193,
    0.03371413675576217,
    0.0681680456947813,
    0.03568867082163646,
    0.08452066436885003,
    0.014204173350208543,
    0.0771836855300055,
    0.1129210325170295,
    0.13713606227218994,
    0.04925939613015087,
    0.16895511528541246,
    0.30495846834685997,
    0.40870887788275156,
    0.4778877543847605,
    0.6333648448865099,
    1.0480748357941356,
    1.3380256140352138,
    1.4050588243526527,
    1.5965469430072092,
    1.7359047617327708,
    1.3998793738646347,
    0.9546868339153143,
    0.5304023226629582,
    0.32275913155436164,
    0.25957767956064703,
    0.13735685196881509,
    0.030960242324371556,
    0.0010824047089785793,
    0.019805318935212313,
    0.03371666916824001,
    0.015010107323242039,
    0.013300446614786132,
    0.007656869455874293,
    0.007834306997936302,
    0.0031877822770445263,
    0.003990566444537436,
    0.0009628399719776581,
    0.0004676356081595651
  ],
  "transition_low": -1.2820512820512828,
  "lambda_r_star": 0.7692307692307683,
  "transition_high": 1.7948717948717938
}