{
  "class_names": [
    "4",
    "9"
  ],
  "n_classes": 2,
  "accuracy": 0.9949773982923155,
  "confusion_matrix": [
    [
      978,
      4
    ],
    [
      6,
      1003
    ]
  ],
  "per_class": [
    {
      "class": "4",
      "precision": 0.9939024390243902,
      "recall": 0.9959266802443992,
      "f1": 0.994913530010173,
      "support": 982
    },
    {
      "class": "9",
      "precision": 0.9960278053624627,
      "recall": 0.9940535183349851,
      "f1": 0.9950396825396824,
      "support": 1009
    }
  ],
  "macro_precision": 0.9949651221934265,
  "macro_recall": 0.9949900992896922,
  "macro_f1": 0.9949766062749277,
  "weighted_precision": 0.9949795332660352,
  "weighted_recall": 0.9949773982923155,
  "weighted_f1": 0.9949774616537064,
  "n_samples": 1991
}