{
  "lambda_grid": [
    -10.0,
    -9.487179487179487,
    -8.974358974358974,
    -8.461538461538462,
    -7.948717948717949,
    -7.435897435897436,
    -6.923076923076923,
    -6.410256410256411,
    -5.897435897435898,
    -5.384615384615385,
    -4.871794871794872,
    -4.3589743589743595,
    -3.8461538461538467,
    -3.333333333333334,
    -2.820512820512821,
    -2.3076923076923084,
    -1.7948717948717956,
    -1.2820512820512828,
    -0.76923076923077,
    -0.2564102564102573,
    0.2564102564102555,
    0.7692307692307683,
    1.282051282051281,
    1.7948717948717938,
    2.3076923076923066,
    2.8205128205128194,
    3.333333333333332,
    3.846153846153845,
    4.358974358974358,
    4.8717948717948705,
    5.384615384615383,
    5.897435897435896,
    6.410256410256409,
    6.92307692307692,
    7.435897435897434,
    7.948717948717949,
    8.46153846153846,
    8.974358974358971,
    9.487179487179485,
    10.0
  ],
  "dmsr_values": [
    0.1943702528258175,
    0.018389513240939875,
    0.020191300169849775,
    0.033706052760385435,
    0.07942456594377792,
    0.1220576774364596,
    0.050756146623529994,
    0.03995714759562238,
    0.048515440721514806,
    0.03344174993897927,
    0.12663381060092238,
    0.13915332014468756,
    0.1585129220165888,
    0.36815031182665614,
    0.32284803641468796,
    0.5513123171451478,
    0.7101134960629486,
    1.0901170760713477,
    1.597033132369058,
    2.074217515095599,
    2.609839477193181,
    3.5218102872486043,
    4.1359729564249115,
    4.582036665614072,
    4.758798272988469,
    4.894231137851096,
    4.938377714262618,
    5.039106195122899,
    5.014400941144325,
    5.035806939078103,
    5.044797787048631,
    5.051538524146648,
    5.066626245990474,
    5.06348244280315,
    5.053987935352911,
    5.055933015100945,
    5.060990733487163,
    5.060428404377027,
    5.06372635552237,
    5.0641666148545825
  ],
  "dmsr_slope_abs": [
    0.3431624421905114,
    0.16982447883956855,
    0.014933626031459424,
    0.05775243412957995,
    0.08614283405917234,
    0.027951708837241726,
    0.0800480165948163,
    0.0021846882544648075,
    0.006352512715227042,
    0.07616541063242241,
    0.10306878095056562,
    0.03108213363027476,
    0.22327206688991938,
    0.16022673653814673,
    0.1785829551855294,
    0.37758382315705424,
    0.5253346399530451,
    0.8647466453984569,
    0.9594979280486451,
    0.98748618620352,
    1.4114029528491807,
    1.487980142250937,
    1.033720718906331,
    0.6072546836494688,
    0.304389610431099,
    0.17508995524229576,
    0.14125318084000682,
    0.07412264620966447,
    0.003216774643675535,
    0.02963692475669788,
    0.015338295441830851,
    0.021282747468296392,
    0.011645320690089278,
    0.012322352871623643,
    0.0073606920096498385,
    0.006827728180896386,
    0.004383004544179947,
    0.002667231484325683,
    0.0036447552156166907,
    0.0008585056978149789
  ],
  "transition_low": -1.2820512820512828,
  "lambda_r_star": 0.7692307692307683,
  "transition_high": 1.282051282051281
}