{
  "lambda_grid": [
    -10.0,
    -9.487179487179487,
    -8.974358974358974,
    -8.461538461538462,
    -7.948717948717949,
    -7.435897435897436,
    -6.923076923076923,
    -6.410256410256411,
    -5.897435897435898,
    -5.384615384615385,
    -4.871794871794872,
    -4.3589743589743595,
    -3.8461538461538467,
    -3.333333333333334,
    -2.820512820512821,
    -2.3076923076923084,
    -1.7948717948717956,
    -1.2820512820512828,
    -0.76923076923077,
    -0.2564102564102573,
    0.2564102564102555,
    0.7692307692307683,
    1.282051282051281,
    1.7948717948717938,
    2.3076923076923066,
    2.8205128205128194,
    3.333333333333332,
    3.846153846153845,
    4.358974358974358,
    4.8717948717948705,
    5.384615384615383,
    5.897435897435896,
    6.410256410256409,
    6.92307692307692,
    7.435897435897434,
    7.948717948717949,
    8.46153846153846,
    8.974358974358971,
    9.487179487179485,
    10.0
  ],
  "dmsr_values": [
    0.033427639674875734,
    0.01668899069092406,
    0.08932514171279748,
    0.10734107029883745,
    0.22738218756363923,
    0.18113087978852627,
    0.21570250496443547,
    0.20816957768463018,
    0.30991062789480833,
    0.4399159784337799,
    0.5387275094116669,
    0.7094302066303652,
    0.9927316586209897,
    1.2657792452065948,
    1.6627337817056465,
    2.0830048659732174,
    2.81615460447609,
    3.4685235939725434,
    4.185111893095866,
    5.217794610355658,
    6.159553247199629,
    6.998914463732977,
    7.540881505444122,
    8.000706810945532,
    8.338730762182879,
    8.648450093367599,
    8.812886031574294,
    8.90327366447044,
    8.952836581463979,
    9.004294596231121,
    9.006529600534671,
    9.036463840670281,
    9.000743615941007,
    9.017431181725833,
    9.036833295655493,
    9.028933714756542,
    9.024830716224324,
    9.031227494842637,
    9.032945947678687,
    9.029847891051363
  ],
  "dmsr_slope_abs": [
    0.03264036551870577,
    0.05450006448697372,
    0.08838577761771557,
    0.13460561970457074,
    0.07194506425244661,
    0.011387690534223671,
    0.026362730448701327,
    0.09185291985711358,
    0.22595274073042101,
    0.22309645947893714,
    0.2627763724916707,
    0.4426540454790898,
    0.542440312611824,
    0.6532520700075404,
    0.7967949802474572,
    1.1245853022011827,
    1.350880759799343,
    1.3347333564042816,
    1.7055392409735375,
    1.925080320251169,
    1.7365918570428862,
    1.3467950517883818,
    0.9767475385322415,
    0.7779030253202874,
    0.6315497003615143,
    0.4623013876566304,
    0.2484529818252703,
    0.1364517861424428,
    0.09849540846666471,
    0.05235069359392419,
    0.031365013328180424,
    0.005641334978822243,
    0.018556842470836443,
    0.03518743772162303,
    0.011214969704942845,
    0.011702514945389098,
    0.00223643558394393,
    0.007912350668004109,
    0.0013451136964928168,
    0.006041210423283052
  ],
  "transition_low": -2.3076923076923084,
  "lambda_r_star": -0.2564102564102573,
  "transition_high": 1.282051282051281
}