schedule,seed,coverage_m,expected_s_norm,mean_mse,mean_bayes_mse,mean_excess_mse,transition_mse,transition_bayes_mse,transition_excess_mse,low_noise_mse,high_noise_mse,mean_mode_error,transition_mode_error
cosine_vp,20260526,0.587315,0.5744072471346594,0.5047156225598883,0.5004845099239901,0.0041474100964478565,0.550639839635955,0.5482571406496896,0.0021526563998324694,0.9693229506755697,0.07137476126522277,0.1943023681640625,0.050713433159722224
hang_laplace_lambda_b0.5,20260526,0.983615,0.8863998641278142,0.5447349915280938,0.5004845099239901,0.04526965801269398,0.5543608466784159,0.5482571406496896,0.005681174047317149,1.0285830518295025,0.11428471451455896,0.2046112060546875,0.050984700520833336
dmsr_normal_wide_s1.5,20260526,0.8565,0.7747574277674296,0.5241497721057385,0.5004845099239901,0.024060393088439012,0.5515791591670778,0.5482571406496896,0.0033317132943516802,0.9829611839919254,0.10599038083896492,0.200433349609375,0.050821940104166664
dmsr_normal_mid_s0.8,20260526,0.9924,0.9117658175477437,1.13481163084507,0.5004845099239901,0.6352735768225102,0.5516651256216897,0.5482571406496896,0.003549124984096529,1.0067918053988754,1.5653938136317513,0.203082275390625,0.051106770833333336
dmsr_normal_narrow_s0.3,20260526,1.0,0.9855050446007402,0.7550589893013239,0.5004845099239901,0.25532103381556226,0.6002089977264404,0.5482571406496896,0.05137052533811786,1.2017533059777885,0.44697307005073084,0.1914306640625,0.05044216579861111
dmsr_laplace_b0.5,20260526,0.98707,0.9349747621082808,0.5247232473571785,0.5004845099239901,0.025031262343691196,0.5542233751879798,0.5482571406496896,0.0054024232021119035,1.0021264429750114,0.08909612693682764,0.199609375,0.05116102430555555
