{
  "lambda_grid": [
    -10.0,
    -9.487179487179487,
    -8.974358974358974,
    -8.461538461538462,
    -7.948717948717949,
    -7.435897435897436,
    -6.923076923076923,
    -6.410256410256411,
    -5.897435897435898,
    -5.384615384615385,
    -4.871794871794872,
    -4.3589743589743595,
    -3.8461538461538467,
    -3.333333333333334,
    -2.820512820512821,
    -2.3076923076923084,
    -1.7948717948717956,
    -1.2820512820512828,
    -0.76923076923077,
    -0.2564102564102573,
    0.2564102564102555,
    0.7692307692307683,
    1.282051282051281,
    1.7948717948717938,
    2.3076923076923066,
    2.8205128205128194,
    3.333333333333332,
    3.846153846153845,
    4.358974358974358,
    4.8717948717948705,
    5.384615384615383,
    5.897435897435896,
    6.410256410256409,
    6.92307692307692,
    7.435897435897434,
    7.948717948717949,
    8.46153846153846,
    8.974358974358971,
    9.487179487179485,
    10.0
  ],
  "dmsr_values": [
    0.03328452467552613,
    0.016533039408852004,
    0.08951823494669875,
    0.10740145754915388,
    0.226533926011355,
    0.18150574201239414,
    0.2159050365221104,
    0.20876385696405708,
    0.3097791726780986,
    0.4406594020336374,
    0.5394247811718971,
    0.709423871782734,
    0.99309067559922,
    1.2671860636691152,
    1.6642278433956483,
    2.0841869217286826,
    2.818768289065498,
    3.4712913121060627,
    4.188063198807607,
    5.219715826455439,
    6.1610709995347985,
    6.999465291107134,
    7.5459003816576375,
    8.013798399559496,
    8.354025388815664,
    8.656309216093623,
    8.817211235217458,
    8.904105388125545,
    8.952249826245055,
    9.000938341866616,
    9.001781926088974,
    9.031517010833626,
    8.995519550039292,
    9.011883027482487,
    9.031983468476984,
    9.023605786339473,
    9.01936014348149,
    9.025676997411379,
    9.027225404059815,
    9.024122600728289
  ],
  "dmsr_slope_abs": [
    0.03266539627001455,
    0.05482786751439331,
    0.08859670768679435,
    0.13359029878803988,
    0.07225167735165927,
    0.010363167252013472,
    0.026576662077871377,
    0.09152728275208855,
    0.22609815644284084,
    0.22390446828145355,
    0.2620453580053693,
    0.44232424706664,
    0.5438181370892217,
    0.6543587386015176,
    0.7965758366080784,
    1.125676934528104,
    1.3524267806179457,
    1.3350625369985565,
    1.704713901490642,
    1.9236826057090122,
    1.735255728035403,
    1.3502086475697679,
    0.9889747807410538,
    0.7879218819790763,
    0.6264480461207729,
    0.45160620024175024,
    0.24160126773112545,
    0.13166262625190583,
    0.09441212989754355,
    0.0482937973478208,
    0.02981420224283582,
    0.006105816648439344,
    0.019143133767363096,
    0.035552320476750054,
    0.0114296898855617,
    0.012307741870607458,
    0.0020194307951069135,
    0.007668629063866561,
    0.0015155367660124597,
    0.006050466496475494
  ],
  "transition_low": -2.3076923076923084,
  "lambda_r_star": -0.2564102564102573,
  "transition_high": 1.282051282051281
}