{
  "lambda_grid": [
    -10.0,
    -9.487179487179487,
    -8.974358974358974,
    -8.461538461538462,
    -7.948717948717949,
    -7.435897435897436,
    -6.923076923076923,
    -6.410256410256411,
    -5.897435897435898,
    -5.384615384615385,
    -4.871794871794872,
    -4.3589743589743595,
    -3.8461538461538467,
    -3.333333333333334,
    -2.820512820512821,
    -2.3076923076923084,
    -1.7948717948717956,
    -1.2820512820512828,
    -0.76923076923077,
    -0.2564102564102573,
    0.2564102564102555,
    0.7692307692307683,
    1.282051282051281,
    1.7948717948717938,
    2.3076923076923066,
    2.8205128205128194,
    3.333333333333332,
    3.846153846153845,
    4.358974358974358,
    4.8717948717948705,
    5.384615384615383,
    5.897435897435896,
    6.410256410256409,
    6.92307692307692,
    7.435897435897434,
    7.948717948717949,
    8.46153846153846,
    8.974358974358971,
    9.487179487179485,
    10.0
  ],
  "dmsr_values": [
    0.015655784266177964,
    0.01637721235534587,
    0.03924508362546716,
    0.039524269340033114,
    0.019133781640423262,
    0.04602739508379945,
    0.04619161026378586,
    0.19473650804447712,
    0.024942259956925696,
    0.07526346949137086,
    0.18549483159874727,
    0.1499312927903799,
    0.12614779924543118,
    0.30616333490545516,
    0.3948400896181703,
    0.5638076487129535,
    0.7991443309641602,
    1.1289135767491925,
    1.7957248739330587,
    2.4583358248145486,
    3.2360415399632383,
    4.017567938212229,
    4.776252623923374,
    5.331212375877701,
    5.861050303630388,
    6.152332851625398,
    6.354694993012767,
    6.563636362367406,
    6.653405223979839,
    6.7768411213353605,
    6.799635159540536,
    6.821460749168339,
    6.855955548465628,
    6.8792477696532695,
    6.881025558138931,
    6.892895556388587,
    6.898602874196991,
    6.903420806454782,
    6.903125503017507,
    6.904776239724413
  ],
  "dmsr_slope_abs": [
    0.0014067847738774156,
    0.02299956687530697,
    0.02256838056007007,
    0.019608519435417804,
    0.006340547600172178,
    0.02638138290777854,
    0.14499138513666077,
    0.020718116549188665,
    0.11648621258927863,
    0.15653875735077608,
    0.07280112771653383,
    0.0578633565444832,
    0.1523262410621984,
    0.2619749831134207,
    0.25120320596231094,
    0.3941966353123402,
    0.5509782798353331,
    0.9716660293946762,
    1.2961866918637226,
    1.4043087493794255,
    1.520251310562739,
    1.5017058068611324,
    1.2808033267238348,
    1.0576777377143394,
    0.800592463854005,
    0.4813035721478194,
    0.4010209229734576,
    0.29124247519289526,
    0.2078746399937561,
    0.1425741871716797,
    0.04350413713715362,
    0.05491237920196479,
    0.05634234497280666,
    0.024443259431470743,
    0.013306592066935075,
    0.017137883156608247,
    0.010262118814540422,
    0.004409563100002956,
    0.0013215474378904801,
    0.0032189365784664027
  ],
  "transition_low": -1.2820512820512828,
  "lambda_r_star": 0.2564102564102555,
  "transition_high": 2.3076923076923066
}