{
  "class_names": [
    "cat",
    "dog"
  ],
  "n_classes": 2,
  "accuracy": 0.84,
  "confusion_matrix": [
    [
      829,
      171
    ],
    [
      149,
      851
    ]
  ],
  "per_class": [
    {
      "class": "cat",
      "precision": 0.8476482617586912,
      "recall": 0.829,
      "f1": 0.8382204246713852,
      "support": 1000
    },
    {
      "class": "dog",
      "precision": 0.8326810176125244,
      "recall": 0.851,
      "f1": 0.8417408506429278,
      "support": 1000
    }
  ],
  "macro_precision": 0.8401646396856078,
  "macro_recall": 0.84,
  "macro_f1": 0.8399806376571566,
  "weighted_precision": 0.8401646396856078,
  "weighted_recall": 0.84,
  "weighted_f1": 0.8399806376571566,
  "n_samples": 2000
}